{"type":"Topology","arcs":[[[1850,3060],[-20,-12],[-55,-121],[-34,-13],[-15,-69],[40,-7],[68,21],[105,-6]],[[1939,2853],[66,-1],[48,-20]],[[2053,2832],[17,-9],[55,-95]],[[2125,2728],[-51,-63],[22,-91],[46,-28],[18,-36],[116,-18],[88,-38],[-39,-47],[-13,-68],[20,-62],[78,-69],[4,-144],[25,-21],[85,29],[62,-19],[17,-36],[-28,-74],[-47,-70],[-6,-96],[-29,-65],[15,-55],[-84,-100],[14,-32],[-2,-90],[-25,-119],[3,-45],[-211,-10],[-27,11],[-21,-98],[22,-125],[-15,-49],[17,-48],[-38,-155],[-24,-46],[-39,-18],[-67,-65],[-29,-104],[43,-24],[24,-81],[38,-23],[3,-111],[-11,-71],[13,-77],[-61,-2],[-27,-52],[-38,-6],[-83,21],[-61,58],[-33,-3],[-78,-47],[-51,-78],[-78,-68],[1,30],[-100,154],[34,22],[-32,91],[-99,92],[-40,62],[-94,73],[-12,92],[-51,56],[-25,84],[-119,88],[-33,43],[11,29],[51,25],[-44,100],[-85,65],[-110,61],[2,111],[-23,22],[6,62],[-87,84],[-42,22],[8,42],[-32,128],[21,39],[-42,44],[-23,85],[-49,19],[-42,85],[-36,2],[-145,126],[-26,77],[-45,62],[-12,63],[69,27],[4,37],[-28,67],[-14,112],[-58,102],[-37,43],[16,50],[-13,28]],[[207,2706],[77,36],[5,25],[72,76],[7,51],[103,53],[55,64],[4,46],[76,-7],[31,-47],[49,28],[-7,52],[57,62],[-6,57],[130,33],[64,59],[7,24],[118,-16],[87,5],[36,29],[57,-12],[42,26],[71,10],[44,66],[66,54]],[[1452,3480],[55,-20],[59,19],[34,30],[126,-23],[33,-46],[56,-38],[-44,-34],[74,-150],[-13,-43],[18,-115]],[[2053,2832],[75,51],[64,26],[93,-51],[58,22],[76,-30],[206,-44],[23,31],[96,28],[74,70],[43,24]],[[2861,2959],[-45,-57],[-14,-104],[-39,-14],[-46,-117],[-4,-80],[-63,-7],[-110,17],[-57,-6],[-44,22],[-85,16],[-68,-6],[-34,28],[-68,6],[-59,71]],[[207,2706],[-16,7],[-38,117],[-85,58],[11,132],[-22,54],[24,17],[-39,75],[-1,30],[-41,42],[6,76],[24,0],[20,132],[30,89],[-7,47],[18,67],[59,60],[60,28],[110,79],[114,120],[98,14],[65,-29],[92,-11],[36,20],[48,74],[45,43],[73,-3],[55,-52],[127,-43],[94,-1],[54,25],[-11,-59],[-63,-42],[-13,-46],[50,-43],[57,-103],[6,-31],[13,-28],[58,-29],[51,-58],[83,-54]],[[2777,3262],[-90,-43],[-107,-20],[-72,-67],[-16,-33],[-125,10],[-66,32],[-127,-103],[-44,-6],[-67,-71],[-95,-54],[-29,-54]],[[1850,3060],[59,37],[61,-12],[84,15],[34,66],[27,-1],[11,78],[86,60],[43,52],[54,31],[58,12],[26,-49],[102,-36],[73,-39],[101,41],[59,-16],[49,-37]],[[2777,3262],[45,34],[41,-21],[61,2],[76,-38],[42,19],[21,-14],[10,-27],[-34,-67],[-93,-71],[-85,-120]]],"transform":{"scale":[0.00022529494799635325,0.00022801726263356212],"translate":[-78.24264848743769,-10.611955840289738]},"objects":{"ancash_huarmey_distritos":{"type":"GeometryCollection","geometries":[{"arcs":[[0,1,2,3,4,5]],"type":"Polygon","properties":{"CCDD":"02","NOMBDEP":"ANCASH","CCPP":"11","NOMBPROV":"HUARMEY","CCDI":"01","NOMBDIST":"HUARMEY","CAPITAL":"HUARMEY","UBIGEO":"021101","IDPROV":"0211","CODIGO":"021101","CNT_CCPP":44,"DESCRIPCIO":"HUARMEY","name":"021101","departamento":"ANCASH","provincia":"HUARMEY","distrito":"HUARMEY","ubigeo_inei":"021101","ubigeo_provincia":"0211"}},{"arcs":[[-3,6,7]],"type":"Polygon","properties":{"CCDD":"02","NOMBDEP":"ANCASH","CCPP":"11","NOMBPROV":"HUARMEY","CCDI":"02","NOMBDIST":"COCHAPETI","CAPITAL":"COCHAPETI","UBIGEO":"021102","IDPROV":"0211","CODIGO":"021102","CNT_CCPP":45,"DESCRIPCIO":"COCHAPETI","name":"021102","departamento":"ANCASH","provincia":"HUARMEY","distrito":"COCHAPETI","ubigeo_inei":"021102","ubigeo_provincia":"0211"}},{"arcs":[[-5,8]],"type":"Polygon","properties":{"CCDD":"02","NOMBDEP":"ANCASH","CCPP":"11","NOMBPROV":"HUARMEY","CCDI":"03","NOMBDIST":"CULEBRAS","CAPITAL":"LA CALETA CULEBRAS","UBIGEO":"021103","IDPROV":"0211","CODIGO":"021103","CNT_CCPP":19,"DESCRIPCIO":"CULEBRAS","name":"021103","departamento":"ANCASH","provincia":"HUARMEY","distrito":"CULEBRAS","ubigeo_inei":"021103","ubigeo_provincia":"0211"}},{"arcs":[[9,-1,10]],"type":"Polygon","properties":{"CCDD":"02","NOMBDEP":"ANCASH","CCPP":"11","NOMBPROV":"HUARMEY","CCDI":"04","NOMBDIST":"HUAYAN","CAPITAL":"HUAYAN","UBIGEO":"021104","IDPROV":"0211","CODIGO":"021104","CNT_CCPP":29,"DESCRIPCIO":"HUAYAN","name":"021104","departamento":"ANCASH","provincia":"HUARMEY","distrito":"HUAYAN","ubigeo_inei":"021104","ubigeo_provincia":"0211"}},{"arcs":[[-7,-2,-10,11]],"type":"Polygon","properties":{"CCDD":"02","NOMBDEP":"ANCASH","CCPP":"11","NOMBPROV":"HUARMEY","CCDI":"05","NOMBDIST":"MALVAS","CAPITAL":"MALVAS","UBIGEO":"021105","IDPROV":"0211","CODIGO":"021105","CNT_CCPP":36,"DESCRIPCIO":"MALVAS","name":"021105","departamento":"ANCASH","provincia":"HUARMEY","distrito":"MALVAS","ubigeo_inei":"021105","ubigeo_provincia":"0211"}}]}}}