{"type":"Topology","arcs":[[[613,1224],[57,-44]],[[670,1180],[31,-29],[5,-72],[-30,-136],[10,-38],[46,-56],[25,-88]],[[757,761],[-48,-44],[-48,-4],[-53,-73],[-166,71],[-53,69],[-53,30],[-81,-4],[-46,-20]],[[209,786],[-30,85],[-6,76],[-29,70]],[[144,1017],[14,27],[138,13],[12,104],[54,62],[103,49],[64,-40],[38,25],[46,-33]],[[1333,617],[23,150],[23,60],[70,58],[52,19],[12,65],[-139,46],[-71,-7],[-74,65],[-40,6]],[[1189,1079],[14,102],[139,126],[15,37]],[[1357,1344],[44,-4],[50,-42],[45,11],[70,50],[53,85],[-1,111]],[[1618,1555],[61,-43],[51,-88],[34,-82],[55,10],[38,-21],[78,16],[-92,-153],[-59,-42],[20,-63],[-52,-76],[15,-63],[99,-128],[2,-88],[41,-89],[-199,55],[-44,-50],[4,-32],[-94,-33],[-41,-53],[-74,45],[-29,-15],[-99,55]],[[966,1085],[43,-35]],[[1009,1050],[30,-71],[-30,-56],[-7,-90],[16,-46],[-39,-103],[52,-14],[4,-37]],[[1035,633],[-179,-100],[-21,-38],[-60,18]],[[775,513],[-29,60],[0,149],[11,39]],[[670,1180],[34,-3],[99,-65],[75,-26],[88,-1]],[[1357,1344],[-31,12]],[[1326,1356],[-37,48],[-82,26],[-33,55],[76,58],[0,88],[43,115]],[[1293,1746],[17,7]],[[1310,1753],[24,-111],[56,-13],[68,10],[68,-42],[15,-45],[58,-5],[3,1],[16,7]],[[1189,1079],[-148,-34],[-32,5]],[[966,1085],[-25,51],[0,49],[-31,37],[40,45],[51,114],[33,30],[72,-21],[54,13],[53,-45],[113,-2]],[[59,1172],[-1,3],[-17,67],[45,40],[8,50],[-57,63],[4,29],[-41,68],[39,47],[4,57],[45,128],[-16,61],[54,56],[66,14],[3,16],[0,0]],[[195,1871],[95,-27],[53,-58],[87,-61],[58,-71],[65,-45],[55,-101],[-29,-52],[-43,-4],[-55,-56],[17,-60],[-120,-19],[-59,23],[-38,-73],[7,-48],[-48,-39],[-105,9],[-76,-17]],[[1169,557],[-13,-54],[68,-107],[-4,-44],[-38,-33],[-19,-123],[-45,-51],[14,-74],[28,-37],[-110,-34],[-215,26],[-78,50],[-58,62],[-49,-9],[-7,71],[-46,41]],[[597,241],[40,34],[71,151],[-2,17],[69,70]],[[1035,633],[134,-76]],[[597,241],[-99,115],[-63,22],[-40,5],[-85,38],[-45,0],[-67,124],[49,37],[-47,130],[9,74]],[[1333,617],[-63,-50],[-101,-10]],[[613,1224],[7,47],[44,61],[-3,58],[42,55],[80,62],[57,13],[37,52],[127,76],[74,16],[19,26],[71,6],[125,50]],[[195,1871],[-4,3],[-75,112],[11,33],[-28,38],[15,95],[51,22],[23,91],[38,31],[15,64],[111,66],[6,44],[78,19],[91,-28],[35,-29],[10,-49],[-57,-75],[25,-47],[19,-88],[-26,-54],[46,-30],[3,-31],[144,-13],[110,-58],[43,14],[22,-38],[87,-40],[30,-50],[53,-47],[124,-29],[59,-50],[56,6]],[[144,1017],[-29,93],[-56,61],[0,1]]],"transform":{"scale":[0.00020753029700652694,0.00022734637307245868],"translate":[-73.84696098286304,-13.736579978583109]},"objects":{"apurimac_chincheros_distritos":{"type":"GeometryCollection","geometries":[{"arcs":[[0,1,2,3,4]],"type":"Polygon","properties":{"CCDD":"03","NOMBDEP":"APURIMAC","CCPP":"06","NOMBPROV":"CHINCHEROS","CCDI":"01","NOMBDIST":"CHINCHEROS","CAPITAL":"CHINCHEROS","UBIGEO":"030601","IDPROV":"0306","CODIGO":"030601","CNT_CCPP":36,"DESCRIPCIO":"CHINCHEROS","name":"030601","departamento":"APURIMAC","provincia":"CHINCHEROS","distrito":"CHINCHEROS","ubigeo_inei":"030601","ubigeo_provincia":"0306"}},{"arcs":[[5,6,7,8]],"type":"Polygon","properties":{"CCDD":"03","NOMBDEP":"APURIMAC","CCPP":"06","NOMBPROV":"CHINCHEROS","CCDI":"05","NOMBDIST":"OCOBAMBA","CAPITAL":"OCOBAMBA","UBIGEO":"030605","IDPROV":"0306","CODIGO":"030605","CNT_CCPP":41,"DESCRIPCIO":"OCOBAMBA","name":"030605","departamento":"APURIMAC","provincia":"CHINCHEROS","distrito":"OCOBAMBA","ubigeo_inei":"030605","ubigeo_provincia":"0306"}},{"arcs":[[9,10,11,12,-2,13]],"type":"Polygon","properties":{"CCDD":"03","NOMBDEP":"APURIMAC","CCPP":"06","NOMBPROV":"CHINCHEROS","CCDI":"02","NOMBDIST":"ANCO_HUALLO","CAPITAL":"URIPA","UBIGEO":"030602","IDPROV":"0306","CODIGO":"030602","CNT_CCPP":35,"DESCRIPCIO":"ANCO_HUALLO","name":"030602","departamento":"APURIMAC","provincia":"CHINCHEROS","distrito":"ANCO_HUALLO","ubigeo_inei":"030602","ubigeo_provincia":"0306"}},{"arcs":[[-8,14,15,16,17]],"type":"Polygon","properties":{"CCDD":"03","NOMBDEP":"APURIMAC","CCPP":"06","NOMBPROV":"CHINCHEROS","CCDI":"10","NOMBDIST":"EL PORVENIR","CAPITAL":"SAN PEDRO DE HUAMBURQUE","UBIGEO":"030610","IDPROV":"0306","CODIGO":"030610","CNT_CCPP":10,"DESCRIPCIO":"EL PORVENIR","name":"030610","departamento":"APURIMAC","provincia":"CHINCHEROS","distrito":"EL PORVENIR","ubigeo_inei":"030610","ubigeo_provincia":"0306"}},{"arcs":[[-15,-7,18,-10,19]],"type":"Polygon","properties":{"CCDD":"03","NOMBDEP":"APURIMAC","CCPP":"06","NOMBPROV":"CHINCHEROS","CCDI":"09","NOMBDIST":"ROCCHACC","CAPITAL":"ROCCHACC","UBIGEO":"030609","IDPROV":"0306","CODIGO":"030609","CNT_CCPP":18,"DESCRIPCIO":"ROCCHACC","name":"030609","departamento":"APURIMAC","provincia":"CHINCHEROS","distrito":"ROCCHACC","ubigeo_inei":"030609","ubigeo_provincia":"0306"}},{"arcs":[[20,21]],"type":"Polygon","properties":{"CCDD":"03","NOMBDEP":"APURIMAC","CCPP":"06","NOMBPROV":"CHINCHEROS","CCDI":"11","NOMBDIST":"LOS CHANKAS","CAPITAL":"RIO BLANCO","UBIGEO":"030611","IDPROV":"0306","CODIGO":"030611","CNT_CCPP":37,"DESCRIPCIO":"LOS CHANKAS","name":"030611","departamento":"APURIMAC","provincia":"CHINCHEROS","distrito":"LOS CHANKAS","ubigeo_inei":"030611","ubigeo_provincia":"0306"}},{"arcs":[[22,23,-12,24]],"type":"Polygon","properties":{"CCDD":"03","NOMBDEP":"APURIMAC","CCPP":"06","NOMBPROV":"CHINCHEROS","CCDI":"07","NOMBDIST":"URANMARCA","CAPITAL":"URANMARCA","UBIGEO":"030607","IDPROV":"0306","CODIGO":"030607","CNT_CCPP":31,"DESCRIPCIO":"URANMARCA","name":"030607","departamento":"APURIMAC","provincia":"CHINCHEROS","distrito":"URANMARCA","ubigeo_inei":"030607","ubigeo_provincia":"0306"}},{"arcs":[[-13,-24,25,-3]],"type":"Polygon","properties":{"CCDD":"03","NOMBDEP":"APURIMAC","CCPP":"06","NOMBPROV":"CHINCHEROS","CCDI":"03","NOMBDIST":"COCHARCAS","CAPITAL":"COCHARCAS","UBIGEO":"030603","IDPROV":"0306","CODIGO":"030603","CNT_CCPP":31,"DESCRIPCIO":"COCHARCAS","name":"030603","departamento":"APURIMAC","provincia":"CHINCHEROS","distrito":"COCHARCAS","ubigeo_inei":"030603","ubigeo_provincia":"0306"}},{"arcs":[[26,-25,-11,-19,-6]],"type":"Polygon","properties":{"CCDD":"03","NOMBDEP":"APURIMAC","CCPP":"06","NOMBPROV":"CHINCHEROS","CCDI":"08","NOMBDIST":"RANRACANCHA","CAPITAL":"RANRACANCHA","UBIGEO":"030608","IDPROV":"0306","CODIGO":"030608","CNT_CCPP":22,"DESCRIPCIO":"RANRACANCHA","name":"030608","departamento":"APURIMAC","provincia":"CHINCHEROS","distrito":"RANRACANCHA","ubigeo_inei":"030608","ubigeo_provincia":"0306"}},{"arcs":[[-20,-14,-1,27,-16]],"type":"Polygon","properties":{"CCDD":"03","NOMBDEP":"APURIMAC","CCPP":"06","NOMBPROV":"CHINCHEROS","CCDI":"06","NOMBDIST":"ONGOY","CAPITAL":"ONGOY","UBIGEO":"030606","IDPROV":"0306","CODIGO":"030606","CNT_CCPP":30,"DESCRIPCIO":"ONGOY","name":"030606","departamento":"APURIMAC","provincia":"CHINCHEROS","distrito":"ONGOY","ubigeo_inei":"030606","ubigeo_provincia":"0306"}},{"arcs":[[-22,28,-17,-28,-5,29]],"type":"Polygon","properties":{"CCDD":"03","NOMBDEP":"APURIMAC","CCPP":"06","NOMBPROV":"CHINCHEROS","CCDI":"04","NOMBDIST":"HUACCANA","CAPITAL":"HUACCANA","UBIGEO":"030604","IDPROV":"0306","CODIGO":"030604","CNT_CCPP":94,"DESCRIPCIO":"HUACCANA","name":"030604","departamento":"APURIMAC","provincia":"CHINCHEROS","distrito":"HUACCANA","ubigeo_inei":"030604","ubigeo_provincia":"0306"}}]}}}