{"type":"Topology","arcs":[[[1280,3064],[-45,-15],[-69,-56],[2,-53],[41,-38],[4,-63],[-32,-117],[-38,-69],[-74,-48],[-29,-38],[0,-95],[-36,-46],[-106,-82]],[[898,2344],[-68,49],[-9,94],[-94,96],[-69,-11],[-211,18],[41,55],[2,32],[-47,58],[-73,41],[-143,18],[-65,29]],[[162,2823],[18,123],[39,110],[-22,26],[26,87],[32,19],[12,57],[35,50],[113,37],[-10,-74],[71,-19],[46,11],[48,-17],[66,-62],[75,-16],[39,-28],[100,-31],[12,-42],[68,17],[45,60],[66,25],[100,-16],[139,-76]],[[665,571],[40,50],[-14,29],[46,40],[102,47],[69,-7],[27,64],[144,72],[16,81],[71,33],[126,31],[8,64],[34,20],[245,-29],[56,43],[78,111]],[[1713,1220],[3,46],[37,57],[62,52],[77,-15],[53,-25],[124,13],[24,29],[65,8]],[[2158,1385],[-27,-30],[39,-54],[-24,-55],[-135,-89],[-38,-44],[32,-72],[38,-47],[-90,-113],[-84,-67],[-106,-60],[-35,15],[-92,-31],[-45,-42],[-2,-73],[-83,-56],[-3,-36],[-94,-29],[-10,-48],[-45,-10],[-42,-62],[-77,2],[-5,-54],[-42,-103],[-4,-70],[-104,-6],[-54,-26],[-78,-5],[34,-44],[-86,-26],[-71,-50],[-98,51],[-96,-32],[-46,68],[0,133],[-22,80],[28,13],[-16,61],[77,88],[36,1],[23,48],[-14,50],[-32,10]],[[1472,1562],[-29,-45],[-23,-168],[128,-27],[-4,-62],[45,-36],[124,-4]],[[665,571],[-32,4],[-34,66],[-39,9],[-29,-60],[-65,5],[-23,32],[-117,45],[-54,47],[-38,60],[-42,115],[-41,-7],[-110,60],[-35,50],[46,25],[42,52],[54,-13],[95,-47],[63,-45],[118,-14],[60,21],[-7,42],[26,33],[-15,47],[19,38],[72,54],[91,51],[-76,51],[-13,52],[-44,22],[38,139]],[[575,1505],[32,-10],[52,61],[105,57]],[[764,1613],[68,-25],[77,31],[76,-28],[18,-62],[71,-19],[60,-47],[91,95],[42,-17],[75,12],[48,29],[82,-20]],[[1472,1562],[64,84],[11,53],[95,24],[95,-2],[64,33],[52,-10],[39,37],[45,77],[17,72],[-37,35],[10,58],[40,24],[6,100],[-26,38],[19,82],[28,49]],[[1994,2316],[51,-17],[17,-72],[81,-59],[32,-58],[-1,-73],[-21,-56],[17,-26],[-7,-63],[33,-106],[-8,-79],[-48,-55],[-4,-82],[-23,-51],[31,-25],[-13,-37],[30,-71],[-3,-1]],[[764,1613],[-2,90],[-15,28],[-1,88],[-36,94],[28,59],[-3,59],[66,125],[96,53],[10,23],[-38,48],[29,64]],[[1280,3064],[10,-33],[-16,-32],[131,-27],[84,-70],[120,-10],[63,-74],[33,-59],[66,-18],[78,-144],[56,-57],[20,-102],[58,-79],[11,-43]],[[575,1505],[-25,17],[-81,-10],[-22,28],[-53,0],[-38,-33],[-56,52],[26,53],[-17,107],[-129,56],[22,53],[-28,37],[-33,89],[-15,139],[32,69],[-39,65],[-80,50],[-39,65],[12,77],[40,45],[-26,151],[41,70],[38,28],[57,110]]],"transform":{"scale":[0.0001954553731800558,0.00023973071777390125],"translate":[-72.48088998188712,-14.440632732414599]},"objects":{"apurimac_cotabambas_distritos":{"type":"GeometryCollection","geometries":[{"arcs":[[0,1,2]],"type":"Polygon","properties":{"CCDD":"03","NOMBDEP":"APURIMAC","CCPP":"05","NOMBPROV":"COTABAMBAS","CCDI":"02","NOMBDIST":"COTABAMBAS","CAPITAL":"COTABAMBAS","UBIGEO":"030502","IDPROV":"0305","CODIGO":"030502","CNT_CCPP":66,"DESCRIPCIO":"COTABAMBAS","name":"030502","departamento":"APURIMAC","provincia":"COTABAMBAS","distrito":"COTABAMBAS","ubigeo_inei":"030502","ubigeo_provincia":"0305"}},{"arcs":[[3,4,5]],"type":"Polygon","properties":{"CCDD":"03","NOMBDEP":"APURIMAC","CCPP":"05","NOMBPROV":"COTABAMBAS","CCDI":"04","NOMBDIST":"HAQUIRA","CAPITAL":"HAQUIRA","UBIGEO":"030504","IDPROV":"0305","CODIGO":"030504","CNT_CCPP":132,"DESCRIPCIO":"HAQUIRA","name":"030504","departamento":"APURIMAC","provincia":"COTABAMBAS","distrito":"HAQUIRA","ubigeo_inei":"030504","ubigeo_provincia":"0305"}},{"arcs":[[6,-4,7,8,9]],"type":"Polygon","properties":{"CCDD":"03","NOMBDEP":"APURIMAC","CCPP":"05","NOMBPROV":"COTABAMBAS","CCDI":"06","NOMBDIST":"CHALLHUAHUACHO","CAPITAL":"CHALLHUAHUACHO","UBIGEO":"030506","IDPROV":"0305","CODIGO":"030506","CNT_CCPP":102,"DESCRIPCIO":"CHALLHUAHUACHO","name":"030506","departamento":"APURIMAC","provincia":"COTABAMBAS","distrito":"CHALLHUAHUACHO","ubigeo_inei":"030506","ubigeo_provincia":"0305"}},{"arcs":[[-5,-7,10,11]],"type":"Polygon","properties":{"CCDD":"03","NOMBDEP":"APURIMAC","CCPP":"05","NOMBPROV":"COTABAMBAS","CCDI":"05","NOMBDIST":"MARA","CAPITAL":"MARA","UBIGEO":"030505","IDPROV":"0305","CODIGO":"030505","CNT_CCPP":58,"DESCRIPCIO":"MARA","name":"030505","departamento":"APURIMAC","provincia":"COTABAMBAS","distrito":"MARA","ubigeo_inei":"030505","ubigeo_provincia":"0305"}},{"arcs":[[-11,-10,12,-1,13]],"type":"Polygon","properties":{"CCDD":"03","NOMBDEP":"APURIMAC","CCPP":"05","NOMBPROV":"COTABAMBAS","CCDI":"01","NOMBDIST":"TAMBOBAMBA","CAPITAL":"TAMBOBAMBA","UBIGEO":"030501","IDPROV":"0305","CODIGO":"030501","CNT_CCPP":123,"DESCRIPCIO":"TAMBOBAMBA","name":"030501","departamento":"APURIMAC","provincia":"COTABAMBAS","distrito":"TAMBOBAMBA","ubigeo_inei":"030501","ubigeo_provincia":"0305"}},{"arcs":[[-13,-9,14,-2]],"type":"Polygon","properties":{"CCDD":"03","NOMBDEP":"APURIMAC","CCPP":"05","NOMBPROV":"COTABAMBAS","CCDI":"03","NOMBDIST":"COYLLURQUI","CAPITAL":"COYLLURQUI","UBIGEO":"030503","IDPROV":"0305","CODIGO":"030503","CNT_CCPP":75,"DESCRIPCIO":"COYLLURQUI","name":"030503","departamento":"APURIMAC","provincia":"COTABAMBAS","distrito":"COYLLURQUI","ubigeo_inei":"030503","ubigeo_provincia":"0305"}}]}}}