{"type":"Topology","arcs":[[[2330,1834],[-90,-79],[-42,-5],[-19,-32],[-44,-140],[-33,-50],[17,-50],[-54,-52],[-22,-117],[30,-50],[-7,-97],[-15,-42],[-82,-80],[-143,-52],[-39,9],[-123,-58],[-129,33],[-130,-56],[-42,-129],[-51,-48],[-90,-43],[-119,-82],[-53,-59],[-45,-27],[-48,-76],[44,-126],[-30,-46],[-72,-61],[-56,-92],[-82,-89],[-128,-38],[-37,133],[-83,-46],[-17,44],[-3,95],[30,23],[-28,83],[-39,37],[31,57],[-36,31],[20,48],[-4,61],[-27,66],[-74,24],[-34,28],[95,44],[-7,158],[59,22],[-28,43],[8,50],[-14,33],[-51,20],[-30,22],[22,53],[-59,39],[50,83],[16,68],[-7,65],[-42,38],[110,96],[-57,45]],[[397,1563],[12,40],[-12,45],[52,17],[-13,58],[38,61],[55,-28],[82,-11],[20,62],[43,14],[9,61],[99,96],[11,48],[-25,58],[-49,17],[-58,62],[-32,-2],[-26,67],[4,41],[-35,44]],[[572,2313],[65,25],[108,73],[45,15],[117,105],[66,79]],[[973,2610],[12,-35],[83,-51],[20,-34],[-15,-42],[48,-25],[-3,-31],[36,-45],[48,29],[69,-104],[-26,-59],[-22,-109],[-20,-28],[14,-67],[84,-27],[87,5],[72,-35],[34,22],[85,-7],[55,18],[40,-41],[28,16],[69,-13],[54,14],[54,-19],[96,-1],[172,25],[78,-25],[36,-53],[69,-54]],[[973,2610],[30,51],[-68,54]],[[935,2715],[64,40],[163,16],[82,-8],[31,-44],[81,-25],[88,-42],[32,-40],[57,35],[38,0],[46,42],[-16,84],[-49,92],[22,48],[-2,93],[-26,45],[-155,127],[-42,17],[25,62],[33,21],[-1,47],[-61,49],[-19,38],[-68,52],[-11,43],[-84,39],[-27,48],[-75,65],[-17,29],[-3,41],[-31,25],[-30,96],[-81,88],[21,36],[132,91],[105,127],[43,31],[60,15],[82,-21],[176,138],[23,6],[119,-57],[11,-36],[-27,-72],[-10,-134],[68,-131],[6,-93],[44,-51],[53,-38],[-6,-80],[18,-26],[16,-77],[55,-69],[83,-36],[33,19],[-13,-83],[20,-87],[-10,-53],[14,-88],[-45,-74],[-17,-122],[41,-101],[8,-102],[-9,-44],[-130,-13],[-44,-45],[-8,-100],[-33,-57],[40,-49],[2,-58],[59,-2],[64,-79],[83,-48],[56,11],[57,-17],[60,-90],[35,-1],[77,-31],[91,6],[18,20],[64,-14],[87,2],[10,-29],[-27,-25],[15,-105],[-13,-45],[11,-56],[-37,-61],[-200,-6]],[[397,1563],[-247,90],[-76,-8],[-23,27],[34,48],[0,40],[-44,44],[17,79],[-57,57],[-1,56],[45,26],[6,77],[44,32],[4,48]],[[99,2179],[31,38],[71,11],[110,-17],[103,64],[4,49],[60,-23],[4,-28],[55,-14],[35,54]],[[99,2179],[-44,58],[32,50],[3,39],[-28,57],[73,10],[39,-11],[60,30],[30,90],[32,22],[54,132],[49,-6],[89,-8],[120,21],[223,17],[104,35]]],"transform":{"scale":[0.0002107460770357237,0.00025185763033793134],"translate":[-76.13620898515649,-10.488890728324407]},"objects":{"huanuco_pachitea_distritos":{"type":"GeometryCollection","geometries":[{"arcs":[[0,1,2,3]],"type":"Polygon","properties":{"CCDD":"10","NOMBDEP":"HUANUCO","CCPP":"08","NOMBPROV":"PACHITEA","CCDI":"01","NOMBDIST":"PANAO","CAPITAL":"PANAO","UBIGEO":"100801","IDPROV":"1008","CODIGO":"100801","CNT_CCPP":108,"DESCRIPCIO":"PANAO","name":"100801","departamento":"HUANUCO","provincia":"PACHITEA","distrito":"PANAO","ubigeo_inei":"100801","ubigeo_provincia":"1008"}},{"arcs":[[-4,4,5]],"type":"Polygon","properties":{"CCDD":"10","NOMBDEP":"HUANUCO","CCPP":"08","NOMBPROV":"PACHITEA","CCDI":"02","NOMBDIST":"CHAGLLA","CAPITAL":"CHAGLLA","UBIGEO":"100802","IDPROV":"1008","CODIGO":"100802","CNT_CCPP":96,"DESCRIPCIO":"CHAGLLA","name":"100802","departamento":"HUANUCO","provincia":"PACHITEA","distrito":"CHAGLLA","ubigeo_inei":"100802","ubigeo_provincia":"1008"}},{"arcs":[[-2,6,7]],"type":"Polygon","properties":{"CCDD":"10","NOMBDEP":"HUANUCO","CCPP":"08","NOMBPROV":"PACHITEA","CCDI":"03","NOMBDIST":"MOLINO","CAPITAL":"MOLINO","UBIGEO":"100803","IDPROV":"1008","CODIGO":"100803","CNT_CCPP":104,"DESCRIPCIO":"MOLINO","name":"100803","departamento":"HUANUCO","provincia":"PACHITEA","distrito":"MOLINO","ubigeo_inei":"100803","ubigeo_provincia":"1008"}},{"arcs":[[-3,-8,8,-5]],"type":"Polygon","properties":{"CCDD":"10","NOMBDEP":"HUANUCO","CCPP":"08","NOMBPROV":"PACHITEA","CCDI":"04","NOMBDIST":"UMARI","CAPITAL":"UMARI (TAMBILLO)","UBIGEO":"100804","IDPROV":"1008","CODIGO":"100804","CNT_CCPP":61,"DESCRIPCIO":"UMARI","name":"100804","departamento":"HUANUCO","provincia":"PACHITEA","distrito":"UMARI","ubigeo_inei":"100804","ubigeo_provincia":"1008"}}]}}}