{"type":"Topology","arcs":[[[1550,2302],[-28,-93],[-92,-98],[9,-75]],[[1439,2036],[-47,-33],[-97,-12],[-17,-23],[-120,-68],[-79,-30],[-10,-65],[-30,-33]],[[1039,1772],[-99,131],[-117,21],[-41,-3],[-26,48],[-51,-4],[62,110],[46,39],[35,110],[52,59],[53,33],[107,33],[9,29],[124,141],[31,57],[67,44],[65,-52],[39,-51],[39,-4],[27,-68],[84,-59],[5,-84]],[[1801,1139],[-92,28],[-19,32],[76,98],[-55,54],[-49,18],[20,47],[39,21],[42,66],[-10,68],[-76,87],[-1,50],[-107,110],[-2,108],[-46,7],[-82,103]],[[1550,2302],[60,30],[25,41],[91,25],[104,6],[40,-41],[31,40],[39,-58],[51,-27],[35,45],[66,17],[-10,87],[51,69],[95,67],[105,-26],[89,35],[48,62],[59,-1],[30,-22],[88,-14],[22,-47],[-22,-31],[67,-28],[56,53],[74,25],[40,-16],[160,22],[18,37],[54,14],[25,43],[44,144],[2,108],[45,80],[32,-66],[60,14],[55,-10],[38,-48],[60,-2],[51,-22],[37,9],[33,-40],[5,-61],[55,11],[43,123],[58,-9],[37,17],[69,-32],[47,19],[83,-38],[-6,-47],[43,-140],[-17,-152],[-77,-94],[-14,-42],[1,-70],[-35,-62],[-57,51],[-74,-40],[-27,-57],[-54,-4],[0,-33],[-58,-40],[-38,-6],[-50,-44],[14,-58],[-38,-100],[-56,39],[-98,24],[-134,-26],[-152,-2],[-63,-30],[-142,7],[-90,45],[-40,-4],[-34,-65],[-79,-26],[-28,-41],[-43,-12],[-56,-81],[-158,-50],[-58,51],[-124,-73],[-17,-56],[-49,-35],[18,-72],[-86,-6],[-29,-153],[28,-47],[-22,-44],[-7,-70],[-60,-2],[-19,-88],[-28,-28],[-81,16]],[[1801,1139],[-36,-35],[18,-38],[-91,-85],[21,-76],[-9,-38],[-43,-21],[-48,-69],[-53,12],[-119,-1],[-53,15],[122,-144],[91,-164],[51,-57],[-2,-40],[77,-72],[30,-73],[-26,-16],[-128,32],[-80,-25],[-82,8],[-47,-51],[6,-29],[-45,-33],[-123,-34],[-32,-48],[-132,18],[-89,-60],[-91,-15],[-50,64],[-15,61],[-39,37],[-12,80],[-73,45],[-54,48],[-23,99],[-57,39],[-52,71],[-14,63],[-40,66],[-1,31],[37,73],[-51,4],[-46,85],[26,69]],[[424,935],[87,-96],[88,12],[28,-30],[46,16],[36,97],[38,2],[75,102],[96,-12],[22,33],[-4,48],[41,107],[-11,58]],[[966,1272],[-17,27],[45,68],[69,-2],[64,25],[3,100],[77,90],[-15,89],[-90,16],[-43,-7],[-20,94]],[[424,935],[-58,29],[-2,36],[-48,11],[34,68],[-60,19],[-19,52],[-89,110],[-49,37],[-8,55],[32,87],[13,71],[-10,92],[-33,5],[-25,133],[-33,58],[-10,84],[-32,44],[31,60],[-53,82],[-5,78],[86,9],[53,-54],[0,-25],[51,-89],[103,-139],[25,-63],[53,-62],[22,-61],[62,-34],[8,-40],[89,-53],[45,-107],[50,-27],[55,-6],[7,-70],[34,-38],[71,-38],[5,35],[49,15],[30,-28],[68,1]]],"transform":{"scale":[0.00022121028660758587,0.00021643817806631324],"translate":[-76.27885923586501,-11.387959978570109]},"objects":{"junin_junin_distritos":{"type":"GeometryCollection","geometries":[{"arcs":[[0,1,2]],"type":"Polygon","properties":{"CCDD":"12","NOMBDEP":"JUNIN","CCPP":"05","NOMBPROV":"JUNIN","CCDI":"02","NOMBDIST":"CARHUAMAYO","CAPITAL":"CARHUAMAYO","UBIGEO":"120502","IDPROV":"1205","CODIGO":"120502","CNT_CCPP":65,"DESCRIPCIO":"CARHUAMAYO","name":"120502","departamento":"JUNIN","provincia":"JUNIN","distrito":"CARHUAMAYO","ubigeo_inei":"120502","ubigeo_provincia":"1205"}},{"arcs":[[3,-1,4]],"type":"Polygon","properties":{"CCDD":"12","NOMBDEP":"JUNIN","CCPP":"05","NOMBPROV":"JUNIN","CCDI":"04","NOMBDIST":"ULCUMAYO","CAPITAL":"ULCUMAYO","UBIGEO":"120504","IDPROV":"1205","CODIGO":"120504","CNT_CCPP":125,"DESCRIPCIO":"ULCUMAYO","name":"120504","departamento":"JUNIN","provincia":"JUNIN","distrito":"ULCUMAYO","ubigeo_inei":"120504","ubigeo_provincia":"1205"}},{"arcs":[[5,6,7,-2,-4]],"type":"Polygon","properties":{"CCDD":"12","NOMBDEP":"JUNIN","CCPP":"05","NOMBPROV":"JUNIN","CCDI":"01","NOMBDIST":"JUNIN","CAPITAL":"JUNIN","UBIGEO":"120501","IDPROV":"1205","CODIGO":"120501","CNT_CCPP":191,"DESCRIPCIO":"JUNIN","name":"120501","departamento":"JUNIN","provincia":"JUNIN","distrito":"JUNIN","ubigeo_inei":"120501","ubigeo_provincia":"1205"}},{"arcs":[[-7,8]],"type":"Polygon","properties":{"CCDD":"12","NOMBDEP":"JUNIN","CCPP":"05","NOMBPROV":"JUNIN","CCDI":"03","NOMBDIST":"ONDORES","CAPITAL":"ONDORES","UBIGEO":"120503","IDPROV":"1205","CODIGO":"120503","CNT_CCPP":140,"DESCRIPCIO":"ONDORES","name":"120503","departamento":"JUNIN","provincia":"JUNIN","distrito":"ONDORES","ubigeo_inei":"120503","ubigeo_provincia":"1205"}}]}}}