{"type":"Topology","arcs":[[[629,1400],[40,-55],[21,-107],[42,-109],[-59,-55],[-29,3],[-61,-65]],[[583,1012],[-48,-1],[-58,73],[-47,11],[-29,32],[19,49],[-18,29]],[[402,1205],[-27,81],[8,56],[-9,101],[-48,94]],[[326,1537],[35,-23],[77,-25],[44,-40],[87,-22],[60,-27]],[[402,1205],[-90,5],[14,-88],[67,-43],[7,-60],[47,-34],[62,-67],[36,-23]],[[545,895],[-22,-53],[-72,32],[-41,1],[-18,-33],[-42,19],[-35,82],[-44,-22],[-19,30],[-43,-15],[-16,98],[-26,-20],[-61,-7],[14,47],[-35,17],[-6,52],[-68,21],[12,27],[-23,47],[49,69],[57,7],[50,41],[8,51],[161,152]],[[325,1538],[1,-1]],[[583,1012],[26,-22],[13,-74],[40,-17],[67,-70]],[[729,829],[-110,6],[-28,-24],[-40,10],[-6,74]],[[2096,1201],[-5,-53],[23,-83],[25,-46],[18,-87],[56,15],[49,-30],[21,-149],[-27,-35],[-8,-151],[14,-27],[-47,-99],[-6,-60],[-70,-10],[-28,-21],[-56,-176],[-71,-58],[-90,-43],[-57,4],[-133,-92],[-61,25],[-13,192],[16,43],[-27,80],[25,107]],[[1644,447],[114,74],[50,8],[-29,53],[-69,89],[-18,47],[-57,60],[-42,84],[-67,51],[-10,25],[37,41],[33,85],[41,47],[81,53],[94,-11],[27,23],[25,59]],[[1854,1235],[32,60],[56,15],[33,-55],[121,-54]],[[1644,447],[-39,38],[-9,53],[-71,28],[-101,-9],[-64,33],[-50,-18],[-85,58]],[[1225,630],[-23,55],[-60,-1],[-29,21],[-16,93],[25,43],[32,113],[-35,47],[30,80],[9,104],[-12,69],[-37,64],[-85,98],[-52,-3]],[[972,1413],[35,44],[130,39],[139,-21],[38,14],[113,-10],[56,30]],[[1483,1509],[78,-44],[74,-69],[54,-7],[62,-41],[28,-54],[55,-58],[20,-1]],[[1225,630],[-71,-21],[-83,38],[-47,-18],[-58,14],[-42,66],[-64,45],[-51,20],[-80,55]],[[629,1400],[106,27],[22,19],[84,-2],[58,11],[73,-42]],[[953,1771],[43,1],[80,-79],[119,-43],[53,22]],[[1248,1672],[101,-52],[84,-54],[50,-57]],[[325,1538],[-12,130],[29,50],[-60,35],[-81,87],[-9,113]],[[192,1953],[54,-76],[62,-44],[139,-1],[55,-63],[88,-33],[12,-20],[210,53],[35,-27],[57,4],[49,25]],[[1393,1931],[30,-53],[-61,-72],[-43,7],[-20,-71],[-51,-70]],[[953,1771],[11,35],[75,86],[33,14],[2,50],[24,110],[25,67],[28,130]],[[1151,2263],[30,-217],[25,-124],[21,-15],[75,27],[91,-3]],[[1393,1931],[84,79],[-4,66],[43,97],[71,38],[64,-14],[43,47],[80,37],[24,-51],[108,-68],[-34,-62],[56,-86],[20,-73],[71,-162],[74,-41],[9,-86],[53,-75],[2,-68],[88,-104],[18,-33],[-28,-52],[-4,-46],[-119,-41],[-16,-32]],[[192,1953],[-6,38],[-52,58],[-30,66],[-10,87],[9,57],[96,11],[96,-15],[93,61],[109,5],[115,-26],[83,29],[77,-17],[59,-32],[64,31],[59,6],[197,-49]]],"transform":{"scale":[0.00023778465865005003,0.00022623069054642902],"translate":[-76.54864361081394,-7.203962474888272]},"objects":{"san_martin_picota_distritos":{"type":"GeometryCollection","geometries":[{"arcs":[[0,1,2,3]],"type":"Polygon","properties":{"CCDD":"22","NOMBDEP":"SAN MARTIN","CCPP":"07","NOMBPROV":"PICOTA","CCDI":"03","NOMBDIST":"CASPISAPA","CAPITAL":"CASPISAPA","UBIGEO":"220703","IDPROV":"2207","CODIGO":"220703","CNT_CCPP":10,"DESCRIPCIO":"CASPISAPA","name":"220703","departamento":"SAN MARTIN","provincia":"PICOTA","distrito":"CASPISAPA","ubigeo_inei":"220703","ubigeo_provincia":"2207"}},{"arcs":[[-3,4,5,6]],"type":"Polygon","properties":{"CCDD":"22","NOMBDEP":"SAN MARTIN","CCPP":"07","NOMBPROV":"PICOTA","CCDI":"07","NOMBDIST":"SAN HILARION","CAPITAL":"SAN CRISTOBAL DE SISA","UBIGEO":"220707","IDPROV":"2207","CODIGO":"220707","CNT_CCPP":25,"DESCRIPCIO":"SAN HILARION","name":"220707","departamento":"SAN MARTIN","provincia":"PICOTA","distrito":"SAN HILARION","ubigeo_inei":"220707","ubigeo_provincia":"2207"}},{"arcs":[[-2,7,8,-5]],"type":"Polygon","properties":{"CCDD":"22","NOMBDEP":"SAN MARTIN","CCPP":"07","NOMBPROV":"PICOTA","CCDI":"06","NOMBDIST":"SAN CRISTOBAL","CAPITAL":"PUERTO RICO","UBIGEO":"220706","IDPROV":"2207","CODIGO":"220706","CNT_CCPP":7,"DESCRIPCIO":"SAN CRISTOBAL","name":"220706","departamento":"SAN MARTIN","provincia":"PICOTA","distrito":"SAN CRISTOBAL","ubigeo_inei":"220706","ubigeo_provincia":"2207"}},{"arcs":[[9,10,11]],"type":"Polygon","properties":{"CCDD":"22","NOMBDEP":"SAN MARTIN","CCPP":"07","NOMBPROV":"PICOTA","CCDI":"08","NOMBDIST":"SHAMBOYACU","CAPITAL":"SHAMBOYACU","UBIGEO":"220708","IDPROV":"2207","CODIGO":"220708","CNT_CCPP":37,"DESCRIPCIO":"SHAMBOYACU","name":"220708","departamento":"SAN MARTIN","provincia":"PICOTA","distrito":"SHAMBOYACU","ubigeo_inei":"220708","ubigeo_provincia":"2207"}},{"arcs":[[-11,12,13,14,15]],"type":"Polygon","properties":{"CCDD":"22","NOMBDEP":"SAN MARTIN","CCPP":"07","NOMBPROV":"PICOTA","CCDI":"09","NOMBDIST":"TINGO DE PONASA","CAPITAL":"TINGO DE PONASA","UBIGEO":"220709","IDPROV":"2207","CODIGO":"220709","CNT_CCPP":39,"DESCRIPCIO":"TINGO DE PONASA","name":"220709","departamento":"SAN MARTIN","provincia":"PICOTA","distrito":"TINGO DE PONASA","ubigeo_inei":"220709","ubigeo_provincia":"2207"}},{"arcs":[[-14,16,-8,-1,17]],"type":"Polygon","properties":{"CCDD":"22","NOMBDEP":"SAN MARTIN","CCPP":"07","NOMBPROV":"PICOTA","CCDI":"01","NOMBDIST":"PICOTA","CAPITAL":"PICOTA","UBIGEO":"220701","IDPROV":"2207","CODIGO":"220701","CNT_CCPP":28,"DESCRIPCIO":"PICOTA","name":"220701","departamento":"SAN MARTIN","provincia":"PICOTA","distrito":"PICOTA","ubigeo_inei":"220701","ubigeo_provincia":"2207"}},{"arcs":[[18,19,-15,-18,-4,-7,20,21]],"type":"Polygon","properties":{"CCDD":"22","NOMBDEP":"SAN MARTIN","CCPP":"07","NOMBPROV":"PICOTA","CCDI":"05","NOMBDIST":"PUCACACA","CAPITAL":"PUCACACA","UBIGEO":"220705","IDPROV":"2207","CODIGO":"220705","CNT_CCPP":20,"DESCRIPCIO":"PUCACACA","name":"220705","departamento":"SAN MARTIN","provincia":"PICOTA","distrito":"PUCACACA","ubigeo_inei":"220705","ubigeo_provincia":"2207"}},{"arcs":[[22,-19,23,24]],"type":"Polygon","properties":{"CCDD":"22","NOMBDEP":"SAN MARTIN","CCPP":"07","NOMBPROV":"PICOTA","CCDI":"04","NOMBDIST":"PILLUANA","CAPITAL":"PILLUANA","UBIGEO":"220704","IDPROV":"2207","CODIGO":"220704","CNT_CCPP":3,"DESCRIPCIO":"PILLUANA","name":"220704","departamento":"SAN MARTIN","provincia":"PICOTA","distrito":"PILLUANA","ubigeo_inei":"220704","ubigeo_provincia":"2207"}},{"arcs":[[-12,-16,-20,-23,25]],"type":"Polygon","properties":{"CCDD":"22","NOMBDEP":"SAN MARTIN","CCPP":"07","NOMBPROV":"PICOTA","CCDI":"10","NOMBDIST":"TRES UNIDOS","CAPITAL":"TRES UNIDOS","UBIGEO":"220710","IDPROV":"2207","CODIGO":"220710","CNT_CCPP":26,"DESCRIPCIO":"TRES UNIDOS","name":"220710","departamento":"SAN MARTIN","provincia":"PICOTA","distrito":"TRES UNIDOS","ubigeo_inei":"220710","ubigeo_provincia":"2207"}},{"arcs":[[-24,-22,26]],"type":"Polygon","properties":{"CCDD":"22","NOMBDEP":"SAN MARTIN","CCPP":"07","NOMBPROV":"PICOTA","CCDI":"02","NOMBDIST":"BUENOS AIRES","CAPITAL":"BUENOS AIRES","UBIGEO":"220702","IDPROV":"2207","CODIGO":"220702","CNT_CCPP":26,"DESCRIPCIO":"BUENOS AIRES","name":"220702","departamento":"SAN MARTIN","provincia":"PICOTA","distrito":"BUENOS AIRES","ubigeo_inei":"220702","ubigeo_provincia":"2207"}}]}}}